{"stats":{"minecraft:mined":{"minecraft:grass_block":2,"minecraft:spruce_leaves":1,"treechop:chopped_log":1},"minecraft:picked_up":{"minecraft:oak_log":1,"minecraft:dirt":1,"minecraft:cobblestone":300},"minecraft:broken":{"justhammers:stone_hammer":1},"minecraft:used":{"justhammers:netherite_destructor_hammer":24,"minecraft:dirt":5,"minecraft:cobblestone":6,"cgm:shotgun":5,"justhammers:stone_hammer":94},"minecraft:custom":{"minecraft:time_since_rest":4728,"minecraft:crouch_one_cm":285,"minecraft:sprint_one_cm":4791,"minecraft:play_time":15504,"minecraft:deaths":3,"minecraft:damage_taken":40,"minecraft:walk_one_cm":19945,"minecraft:sneak_time":186,"minecraft:mob_kills":1,"minecraft:jump":36,"minecraft:damage_dealt":23,"minecraft:leave_game":2,"minecraft:time_since_death":4692,"minecraft:total_world_time":15504,"minecraft:fall_one_cm":1364,"minecraft:fly_one_cm":74088}},"DataVersion":3120}